{
    "loss": 0.5547826290130615,
    "accuracy": 0.8446947336196899
}